"BRP","est","lo","hi"
"Fproxy",0.414081283322774,NA,NA
"SSBproxy",19051.1424157941,15072.7902695372,24079.5513542307
"MSYproxy",6202.60720538942,4890.56424856274,7866.64568524074
