"BRP","est","lo","hi"
"Fproxy",0.4114426218092,NA,NA
"SSBproxy",18734.1832863825,14851.8519493808,23631.3709969622
"MSYproxy",6097.78527818461,4807.17642112367,7734.8909300386
