"BRP","est","lo","hi"
"Fproxy",0.43384112950764,NA,NA
"SSBproxy",19239.5790613904,15398.0510031206,24039.4971015796
"MSYproxy",6489.84758309986,5176.53543330427,8136.35339592032
