"Parameter","est","CV","lo","hi","BRP.ratio"
"F",0.0337925431272918,0.209213317229994,0.0225238162017384,0.0506990449922842,0.0778915156468508
"SSB",33864.0804048006,0.170428937147047,24305.6409331921,47181.4730092859,1.76012584769894
"Rect",45332.0874762923,0.306000303716366,25219.9407731302,81483.0682373231,NA
