"BRP","est","lo","hi"
"Fproxy",0.311139068225554,NA,NA
"SSBproxy",17647.9818348756,13906.5613295967,22395.9939098138
"MSYproxy",5009.94269832581,3924.60163225937,6395.43275786145
