"Parameter","est","CV","lo","hi","BRP.ratio"
"F",0.0526215616154952,0.227929784378229,0.0338532899076593,0.0817949674730687,0.169125535779224
"SSB",12558.8360476606,0.184166442439843,8779.94904628254,17964.1546939046,0.711630154947354
"Rect",79005.5015199627,0.313464020209531,43357.413198651,143963.13824864,NA
