"BRP","est","lo","hi"
"Fproxy",0.274007164234918,NA,NA
"SSBproxy",24847.2773652937,19579.5864811387,31532.187519005
"MSYproxy",5941.59957287344,4658.52858402475,7578.05921926318
