"BRP","est","lo","hi"
"Fproxy",0.432691630445547,NA,NA
"SSBproxy",19268.0263969109,15419.6751911001,24076.8263034709
"MSYproxy",6491.96804887413,5177.868260448,8139.57540587486
