"BRP","est","lo","hi"
"Fproxy",0.276100701816531,NA,NA
"SSBproxy",24396.5851516178,19525.3680586472,30483.0805377081
"MSYproxy",5843.23269568398,4653.26642266809,7337.5055787872
